{
  "aqi_lag_24h": 0.0895274598060086,
  "aqi": 0.07260693642856861,
  "co": 0.06426160075490092,
  "hour": 0.056075346178882664,
  "total_oxidants": 0.04918641999824323,
  "pm25": 0.046092047643399546,
  "o3_rolling_mean_3h": 0.03954155862447791,
  "no2": 0.026829866452899424,
  "pm10_lag_24h": 0.020254587377408734,
  "o3_lag_24h": 0.020167497872616378,
  "day_of_week_sin": 0.020067438889167018,
  "pm10_rolling_min_3h": 0.019286856244732864,
  "pm25_lag_24h": 0.018582707794032965,
  "o3": 0.01580482890919863,
  "hour_sin": 0.015512464381538667,
  "day_of_week": 0.013100785384783755,
  "pm10_lag_6h": 0.012201356686221907,
  "so2": 0.011774595035068341,
  "o3_rolling_max_3h": 0.010977191598880052,
  "pm25_rolling_min_6h": 0.009317905535714524,
  "pm25_rolling_max_12h": 0.009233123276622478,
  "pm10_rolling_mean_24h": 0.008972595207043117,
  "no2_lag_24h": 0.008190028029141786,
  "aod": 0.007980781417492228,
  "day_of_week_cos": 0.00776163151864601,
  "aqi_rolling_mean_6h": 0.007156373155672758,
  "aqi_rolling_mean_24h": 0.007101744655346672,
  "aqi_rolling_min_3h": 0.0069442713075471025,
  "o3_rolling_mean_24h": 0.006345246501057604,
  "o3_rolling_min_24h": 0.006258355917993121,
  "aqi_rolling_std_12h": 0.0062371546098245806,
  "total_pm": 0.006200740581080844,
  "pm10": 0.005404147959896245,
  "o3_rolling_std_6h": 0.004482479453358862,
  "o3_rolling_min_3h": 0.004059197162618401,
  "wind_speed_lag_6h": 0.003985501486434365,
  "temperature_rolling_max_24h": 0.0039310649115659076,
  "pm25_rolling_min_24h": 0.003893403911290819,
  "aqi_rolling_min_24h": 0.0038859526109240477,
  "aqi_rolling_max_6h": 0.0038734489339345376,
  "no2_o3_ratio": 0.0037525882967166446,
  "aqi_rolling_max_3h": 0.0036720568418199527,
  "humidity_lag_6h": 0.0035612135354953583,
  "pm10_lag_1h": 0.0035369214851246216,
  "aqi_lag_1h": 0.003501629207855217,
  "o3_lag_6h": 0.0034869654505133504,
  "o3_rolling_std_12h": 0.0034387677708390394,
  "pressure_lag_6h": 0.003318313195077201,
  "no2_rolling_mean_12h": 0.0032199238052472304,
  "diffusion_potential": 0.003140812964381536,
  "o3_rolling_max_6h": 0.0031236520166726713,
  "no2_rolling_std_24h": 0.0031059510447486306,
  "o3_rolling_mean_6h": 0.003084962100123887,
  "temperature_rolling_mean_6h": 0.003019765153592046,
  "temperature_rolling_mean_12h": 0.0030153459709143125,
  "no2_lag_12h": 0.003014537715878024,
  "no2_rolling_min_3h": 0.0029945458270558296,
  "temp_dew_diff": 0.00298171125640717,
  "temperature_lag_12h": 0.0029761471139719354,
  "cloud_cover": 0.0028723081382399165,
  "pm25_rolling_max_6h": 0.0028685482418957732,
  "no2_lag_1h": 0.0028406730993121476,
  "no2_rolling_max_24h": 0.002717578890784913,
  "pm25_rolling_mean_6h": 0.0027114634217222993,
  "o3_rolling_mean_12h": 0.002700102986098958,
  "no2_rolling_mean_24h": 0.002686410837910866,
  "pm25_rolling_min_3h": 0.0026106565336401814,
  "o3_rolling_min_6h": 0.002583470757746473,
  "temperature_rolling_std_24h": 0.0025691679512876817,
  "wind_speed_rolling_mean_24h": 0.0025631122181876236,
  "o3_lag_1h": 0.0025625520417959587,
  "pressure_lag_12h": 0.0025376750698028363,
  "wind_speed_rolling_std_3h": 0.0025290059661137766,
  "wind_speed_rolling_std_12h": 0.00242653602355098,
  "aqi_rolling_mean_12h": 0.0023829121434872846,
  "pm25_lag_1h": 0.0023271559510767135,
  "wind_speed_lag_24h": 0.002309681482010931,
  "no2_rolling_mean_6h": 0.0022975993784132625,
  "no2_rolling_max_6h": 0.0022797803077586444,
  "pm10_rolling_max_24h": 0.0022681195425179683,
  "pm25_rolling_std_6h": 0.002265647408780151,
  "pressure": 0.0022603076457987856,
  "no2_rolling_max_12h": 0.0022429971699336505,
  "hour_cos": 0.0022293689090948253,
  "temperature_rolling_mean_24h": 0.00222257444405575,
  "aqi_rolling_std_6h": 0.0022127662250590345,
  "pm10_rolling_std_3h": 0.0022078535719588567,
  "temperature_rolling_max_12h": 0.002155307477029759,
  "wind_speed_rolling_min_6h": 0.002096087140671299,
  "temperature_lag_6h": 0.0020773419732397274,
  "pm25_lag_6h": 0.002072545045303208,
  "pm25_rolling_mean_24h": 0.0020431686577933325,
  "wind_u": 0.002019626711286821,
  "o3_lag_12h": 0.002016991524926173,
  "pressure_lag_1h": 0.001986750182244188,
  "no2_rolling_mean_3h": 0.0019209208304271986,
  "no2_lag_6h": 0.001895676514632275,
  "wind_speed_rolling_mean_12h": 0.0018950383272682736,
  "wind_speed_rolling_std_6h": 0.0018863565536898557,
  "temperature_rolling_max_3h": 0.0018729087306157514,
  "aqi_rolling_std_3h": 0.0018355669624660989,
  "pm25_rolling_std_3h": 0.0018095371663534527,
  "temperature_rolling_mean_3h": 0.0018055436141128447,
  "no2_rolling_max_3h": 0.001788593500387998,
  "pm25_rolling_max_3h": 0.0017830130326270022,
  "pm25_rolling_std_24h": 0.0017455357517804225,
  "wind_speed_lag_1h": 0.0017364636195444643,
  "pm25_lag_12h": 0.0017361714851356746,
  "aqi_rolling_mean_3h": 0.0016951184511053783,
  "aqi_rolling_std_24h": 0.0016876783045864,
  "wind_dispersion_index": 0.0016525633770686637,
  "temperature_rolling_std_6h": 0.0016406246034685824,
  "wind_speed_rolling_min_3h": 0.0016326932838222265,
  "wind_direction": 0.0015760458803781294,
  "pm10_rolling_std_24h": 0.0015734851952082832,
  "pm25_rolling_mean_3h": 0.0015546444145348834,
  "day_of_year": 0.0014993176053897405,
  "o3_rolling_std_3h": 0.0014958335383245928,
  "pm10_rolling_max_3h": 0.0014724278423101835,
  "humidity_lag_12h": 0.0014572514219786342,
  "pm10_rolling_mean_6h": 0.0014193186311819506,
  "pm10_rolling_min_24h": 0.0014148875194110878,
  "wind_speed_rolling_max_3h": 0.0013835527270658243,
  "pm10_rolling_min_12h": 0.0013795354207065107,
  "wind_speed_rolling_std_24h": 0.0013735453604592194,
  "visibility": 0.0013602739051746058,
  "temperature_lag_1h": 0.0013514101278841986,
  "pm25_pm10_ratio": 0.001332902755927496,
  "pm10_rolling_std_6h": 0.0013310053313095485,
  "o3_rolling_min_12h": 0.0013186280397339699,
  "day_of_month": 0.0013095962370105318,
  "o3_rolling_std_24h": 0.0012885669786092,
  "aqi_lag_12h": 0.0012850299687432781,
  "humidity": 0.0012704723008514468,
  "haze_indicator": 0.0012607036848016687,
  "wind_speed_rolling_mean_6h": 0.001210373714099228,
  "temperature_rolling_std_12h": 0.001154071150387743,
  "no2_rolling_std_6h": 0.0011535529601100953,
  "pm10_rolling_mean_12h": 0.0011515216986000886,
  "pm25_rolling_mean_12h": 0.0011497839595528314,
  "inversion_risk": 0.0011424017091276701,
  "pressure_lag_24h": 0.0011394192750140033,
  "wind_speed_rolling_mean_3h": 0.0011317648240330397,
  "temperature_lag_24h": 0.0011186157531229814,
  "aqi_lag_6h": 0.0011100535209822861,
  "dew_point": 0.0011045838303477271,
  "wind_speed": 0.00109737604033569,
  "pm10_rolling_max_12h": 0.001080208445916379,
  "temperature_rolling_min_6h": 0.001053396388502609,
  "no2_rolling_std_12h": 0.0010428112548336625,
  "pm10_rolling_min_6h": 0.0010382897387780994,
  "temperature_rolling_std_3h": 0.0009988803208167574,
  "temperature_rolling_min_3h": 0.0009960272729238068,
  "stability_index": 0.0009865065321152686,
  "temperature_rolling_min_24h": 0.0009807574053769536,
  "pm10_lag_12h": 0.0009662664056494345,
  "heat_index": 0.0009305978781389576,
  "pm10_rolling_mean_3h": 0.000902214520369397,
  "wind_speed_lag_12h": 0.0008274616992356898,
  "wind_v": 0.0007754044521256495,
  "temperature": 0.0007432725882709544,
  "temperature_rolling_min_12h": 0.0006926835027433667,
  "no2_rolling_min_12h": 0.0006584211651380291,
  "pm10_rolling_std_12h": 0.0006322854171705221,
  "pm25_rolling_std_12h": 0.0006105692717663293,
  "o3_rolling_max_24h": 0.0006087684799849538,
  "wind_speed_rolling_min_12h": 0.0005643470475910167,
  "temperature_rolling_max_6h": 0.0005548108510220141,
  "no2_rolling_std_3h": 0.0005228958158146702,
  "humidity_lag_1h": 0.0005213671703246519,
  "pm10_rolling_max_6h": 0.0005009916904612199,
  "aqi_rolling_min_6h": 0.0004973362547398856,
  "humidity_lag_24h": 0.000470430735026507,
  "wind_speed_rolling_min_24h": 0.0004444996904927442,
  "wind_speed_rolling_max_6h": 0.00040464647746392987,