{
  "train": {
    "rmse": 0.7566740568295476,
    "mae": 0.6031134568695676,
    "r2": 0.9976484386511705
  },
  "test": {
    "rmse": 8.300232355544722,
    "mae": 6.7853462363549575,
    "r2": 0.7144136777980041
  },
  "category": {
    "category_accuracy": 0.8592592592592593,
    "within_one_category_accuracy": 1.0,
    "total_samples": 135
  },
  "training_date": "2025-10-03T20:27:14.442043",
  "n_features": 189,
  "n_samples": 672
}